{
    "LSTM": {
        "MSE": 3063.078369140625,
        "MAE": 43.18680191040039
    },
    "GRU": {
        "MSE": 2468.88037109375,
        "MAE": 39.06613540649414
    }
}